ALK,DCTN1
ALK,EML4
ALK,STRN
ALK,PPP1CB
ALK,CCDC88A
ALK,KTN1
ALK,TPM3
BCOR,CCNB3
BCOR,MAML3
BCOR,ZC3H7B
BRAF,PDE10A
BRAF,SEPT7
BRAF,CUX1
BRAF,ERC1
BRAF,KIAA1549
BRAF,FAM131B
BRAF,SLC45A3
CAMTA1,WWTR1
CIC,DUX4
CIC,FOXO4
CIC,NUTM1
CREB1,FET
DDIT3,FUS
DDIT3,EWSR1
EWSR1,FLI1
EWSR1,ERG
EWSR1,ETV1
EWSR1,ETV4
EWSR1,FEV
EWSR1,PATZ1
EWSR1,NFATC2
EWSR1,POU5F1
EWSR1,SMARCA5
EWSR1,SP3
EWSR1,ATF1
EWSR1,CREB1
EWSR1,CREB3L1
EWSR1,CREB3L2
EWSR1,WT1
FGFR1,TACC1
FGFR2,CTNNA3
FGFR2,ERC1
FGFR2,INA
FGFR2,KIAA1598
FGFR3,TACC3
FGFR3,TLN1
FOS,ANKH
FOS,LMNA
FOS,GLI1
FOS,MYO1B
FOSB,LMNA
FUS,ERG
FUS,FEV
FUS,CREM
FUS,NFATC2
FUS,ATF1
FUS,CREB3L2
FUS,CREB3L1
GLI1,MALAT1
MAML2,CRTC1
MAML2,CRTC3
MAML2,YAP1
MAP3K8,SVIL
MAP3K8,DIP2C
MAP3K8,UBL3
MET,TGF
MET,CLIP2
MET,PTPRZ1
MN1,PATZ1
MN1,HGNET
MN1,CXXC5
MYB,QKI
MYBL1,NFIB
NCOA2,MEIS1
NCOA2,ZFP64
NCOA2,HEY1
NCOA2,SRF
NCOA2,VGLL2
NCOA2,TEAD1
MEIS1,NCOA2
NR4A3,EWSR1
NR4A3,TAF15
NR4A3,TCF12
NR4A3,TFG
NR4A3,SCPP
NTRK1,ARHGEF2
NTRK1,BCAN
NTRK1,CEL
NTRK1,CD74
NTRK1,CHTOP
NTRK1,CGN
NTRK1,COP1
NTRK1,CTRC
NTRK1,DDR2
NTRK1,GATAD2B
NTRK1,GON4L
NTRK1,GRIPAP1
NTRK1,IRF2BP2
NTRK1,LMNA
NTRK1,LRRC71
NTRK1,MDM4
NTRK1,MIR548F1
NTRK1,MPRIP
NTRK1,MRPL24
NTRK1,NFASC
NTRK1,P2RY8
NTRK1,PDE4DIP
NTRK1,PEAR1
NTRK1,PLEKHA6
NTRK1,PPL
NTRK1,RABGAP1L
NTRK1,SCYL3
NTRK1,SSBP2
NTRK1,SQSTM1
NTRK1,TFG
NTRK1,TP53
NTRK1,TPM3
NTRK1,TPR
NTRK1,TRIM63
NTRK2,AFAP1
NTRK2,AGBL4
NTRK2,BCR
NTRK2,DAB2IP
NTRK2,GKAP1
NTRK2,KCTD8
NTRK2,NACC2
NTRK2,NOS1AP
NTRK2,PAN3
NTRK2,QKI
NTRK2,SQSTM1
NTRK2,STRN
NTRK2,TBC1D2
NTRK2,TLE4
NTRK2,TRAF2
NTRK2,TRIM24
NTRK2,VCL
NTRK2,VCAN
NTRK3,AFAP1
NTRK3,AKAP13
NTRK3,BTBD1
NTRK3,EML4
NTRK3,ETV6
NTRK3,LYN
NTRK3,MYH9
NTRK3,MYO5A
NTRK3,RBPMS
NTRK3,SQSTM1
NTRK3,TFG
NTRK3,TPM4
NTRK3,ZNF710
NUTM1,BRD4
NUTM1,BRD3
NUTM1,MXD1
NUTM1,BCORL1
PATZ1,EWSR1
PATZ1,MN1
PAX3,FOXO1
PAX3,FOXO4
PAX3,NCOA1
PAX3,NCOA2
PAX3,AFX
PAX7,FOXO1
PAX8,PPARG
PDGFB,COL1A1
PDGFD,COL6A3
PDGFD,EMILIN2
PDGFRA,USP8
PRKACA,DNAJB1
PRKCA,GPR37L1
PRKCA,SLC44A1
PRKCA,TANC2
RAF1,TRAK1
RAF1,QKI
RAF1,FYCO
RAF1,TRIM33
RAF1,SRGAP3
RAF1,NF1A
RAF1,ATG7
RAF1,TMEM40
RAF1,SOX6
RAF1,CAND2
RAF1,CRKL
RAF1,DLG1
RAF1,ECR2
RAF1,TBL1XR1
RELA,SRF
RET,CCDC6
RET,NCOA4
ROS1,GOPC
ROS1,ZCCHC8
ROS1,ARCN1
ROS1,CHCHD3
ROS1,CEP85L
SS18,SSX1
SS18,SSX2
SS18,SSX4
TFCP2,FUS
TFCP2,EWSR1
TFCP2,FET
TFE3,NONO
TFE3,RBMX
TFE3,PSF
TFE3,ASPSCR1
TFE3,PRCC
TFE3,SFPQ
TFE3,YAP1
TFEB,MALAT1
USP6,MYH9
USP6,VMP1
VGLL2,TCF12
VGLL2,NCOA2
VGLL2,CITED2
VGLL3,CHD7
VGLL3,CHD9
VGLL3,MAMLD1
YAP1,MAMLD1
YAP1,FAM118B
YAP1,TFE3
YAP1,SS18
YAP1,FBXO7
YWHAE,NUTM2B
YWHAE,NUTM2A
ZFTA,RELA
ZFTA,YAP1
NAB2,STAT6
CRTC1,SS18
MET,TFG
MET,RBPMS
CITED2,PRDM10
EGFR,SEC61G
EGFR,CLIP2
FOXO1,MEIS1
HMGA2,YAP1
HMGA2,NCOR2
PLAGL1,FOXO1
PLAGL1,EP300
PRDM10,CITED2
PRDM10,MED12
ABL1,BCR
ABL1,CENPC
ABL1,ETV6
ABL1,LSM14A
ABL1,NUP153
ABL1,NUP214
ABL1,RANBP2
ABL1,RCSD1
ABL1,ZMIZ1
ABL2,RCSD1
ABL2,ZC3HAV1
ALK,NPM1
ALK,TPM4
ALK,ATIC
ALK,MSN
ALK,MYH9
ALK,RNF213
ALK,CLTC
ALK,SQSTM1
ALK,TFG
ALK,RANBP2
ALK,KIF5B
ALK,CARS
ALK,PPFIBP1
ALK,SEC31A
ALK,FNI
BCL2,IGH
BCL6,IGH
BRAF,RNF11
BRAF,BICD2
BRAF,PACSIN2
BRAF,MS4A6A
CBFA2T3,GLIS2
CBFA2T3,GLIS3
CBFB,MYH11
CD274,IGH
CRLF2,IGH
CRLF2,P2RY8
CSF1R,SSBP2
CSF1R,TBL1XR1
CSF1R,MEF2D
DUX4,IGH
EPOR,IGH
EPOR,LAIR1
EPOR,THADA
ETV6,NIPBL
ETV6,EP300
ETV6,FOXO1
ETV6,INO80D
ETV6,SKAP1
ETV6,MN1
ETV6,MNX1
ETV6,LMBR1
ETV6,ITPRID1
ETV6,PDGFRB
ETV6,ECHDC1
ETV6,RUNX1
FLT3,SSBP2
FGFR2,ETV6
RET,BCR
RET,FGFR1OP
FUS,FLI1
HLF,TCF3
HLF,TCF4
IL3,IGH
IRF4,DUSP22
JAK2,ATF7IP
JAK2,BCR
JAK2,EBF1
JAK2,ETV6
JAK2,GOLGA5
JAK2,HMBOX1
JAK2,OFD1
JAK2,PAX5
JAK2,PCM1
JAK2,PPFIBP1
JAK2,RFX3
JAK2,SMU1
JAK2,SNX29
JAK2,SSBP2
JAK2,STRN3
JAK2,TERF2
JAK2,TPR
JAK2,USP25
JAK2,ZBTB46
JAK2,ZNF274
JAK2,ZNF340
KAT6A,CREBBP
KAT6A,NCOA2
KAT6A,EP300
KMT2A,AFF1
KMT2A,MLLT3
KMT2A,MLLT1
KMT2A,MLLT10
KMT2A,ELL
KMT2A,AFDN
KMT2A,MLLT6
KMT2A,MLLT11
KMT2A,EPS15
KMT2A,SEPTIN6
KMT2A,SEPTIN9
KMT2A,AFF3
KMT2A,TET1
KMT2A,SEPTIN5
KMT2A,ABI1
KMT2A,KNL1
KMT2A,MAML2
KMT2A,MYO1F
KMT2A,PICALM
KMT2A,TNRC18
KMT2A,FLNA
KMT2A,NEBL
KMT2A,ACTN4
KMT2A,AFF4
KMT2A,BTBD18
KMT2A,CBL
KMT2A,CEP170B
KMT2A,CREBBP
KMT2A,DCP1A
KMT2A,FOXO3
KMT2A,SEPTIN11
KMT2A,ABI2
KMT2A,ACACA
KMT2A,ACER1
KMT2A,AKAP13
KMT2A,ARHGAP26
KMT2A,ARHGEF12
KMT2A,ARHGEF17
KMT2A,BCL9L
KMT2A,BUD13
KMT2A,C2CD3
KMT2A,CASP8AP2
KMT2A,CEP164
KMT2A,CLTA
KMT2A,CLTC
KMT2A,DCPS
KMT2A,EEFSEC
KMT2A,FNBP1
KMT2A,GAS7
KMT2A,GIGYF2
KMT2A,GMPS
KMT2A,KIF2A
KMT2A,LAMC3
KMT2A,LOC100131626
KMT2A,ME2
KMT2A,MRTFA
KMT2A,MYH11
KMT2A,NOX4
KMT2A,NRIP3
KMT2A,NUP153
KMT2A,PDS5A
KMT2A,PFDN4
KMT2A,PRPF19
KMT2A,PRRC1
KMT2A,RABGAP1
KMT2A,RUNDC3B
KMT2A,SEPTIN2
KMT2A,SMAP1
KMT2A,TCF12
KMT2A,TOP3A
KMT2A,VAV1
KMT2A,BTK
MALT1,BIRC3
MECOM,EVI1
MECOM,GATA2
MEF2D,BCL9
MEF2D,CSF1R
MEF2D,FOXJ2
MEF2D,DAZAP1
MEF2D,SS18
MEF2D,HNRNPUL1
MEF2D,HNRNPH1
MLLT10,PICALM
MLLT10,DDX3X
MLLT10,TEC
MLLT10,MAP2K2
MLLT10,NAP1L1
MLLT10,XPO1
MLLT10,DDX3Y
MLLT10,DDX10
MTCP1,TCR
MYC,IGH
NUP214,DEK
NUP214,PSIP1
NUP214,SET
NUP98,NSD1
NUP98,KDM5A
NUP98,PHF23
NUP98,BPTF
NUP98,CADM1
NUP98,DDX10
NUP98,JADE2
NUP98,RAP1GDS1
NUP98,ZFX
NUP98,BRWD3
NUP98,PRRX1
NUP98,PSIP1
NUP98,HOXD13
NUTM1,ACIN1
NUTM1,CUX1
NUTM1,BRD9
NUTM1,IKZF1
NUTM1,SLC12A6
NUTM1,ZNF618
PAX5,ETV6
PAX5,NOL4L
PAX5,AUTS2
PAX5,CBFA2T3
PAX5,ZNF521
PAX5,DACH1
PAX5,DACH2
PAX5,FOXP1
PAX5,ELN
PAX5,ZCCHC7
PAX5,BCOR
PAX5,DMRTA2
PAX5,ZNF276
PAX5,ZNF318
PAX5,FBRSL1
PAX5,FKBP15
PAX5,GREB1L
PAX5,GRM3
PAX5,KANK1
PAX5,MAPT
PAX5,MBNL1
PAX5,MLLT3
PAX5,MPRIP
PDGFRA,FIP1L1
PDGFRA,BCR
PDGFRB,ATF7IP
PDGFRB,EBF1
PDGFRB,ETV6
PDGFRB,TNIP1
PDGFRB,ZMYND8
RARA,PML
RBM15,MRTFA
RUNX1,RUNX1T1
TCF3,PBX1
TCL1A,TCR
TP63,ATXN1
TP63,TBL1XR1
TP63,FOXK2
ZNF384,TCF3
ZNF384,EP300
ZNF384,TAF15
ZNF384,EWSR1
ZNF384,CREBBP
ZNF384,ARIDIB
ZNF384,BMP2K
ZNF384,CLTC
ZNF384,NIPBL
ZNF384,SMARCA2
ZNF384,SYNRG
NPM1,MLF1
BCL11B,RUNX1
BCL11B,TLX1
BCL11B,ARID1B
CIITA,PDCD1LG2
CIITA,NUBP1
ERG,HNRNPH1
ERG,GATA2
LMO2,TCR
LMO2,STAG2
LMO2,IGH
LMO2,FOXJ2
LMO1,TCR
LYL1,TCR
LYN,GATAD2A
MYB,ZNF319
MYB,TCR
MYB,GATA1
NKX2-1,CDK6
NOTCH1,TCR
NOTCH1,EDF1
RUNX1,CBFA2T2
RUNX1,AFF3
RUNX1,MECOM
TAL1,STIL
TAL1,TCR
TLX1,TCR
TLX3,TCR
TLX3,BCL11B
TLX3,CDK6
TYK2,NPM1
ZNF362,EP300
ZNF362,SMARCA2
